[{"model": "accounts.user", "pk": 1, "fields": {"password": "pbkdf2_sha256$260000$8L53zyG9hnpFyLyiv8mG4l$7lNt2fmVbRo20kft3GE62cuWA2QF5GjYLg2E9kT/n1M=", "last_login": "2021-05-25T00:10:45.715Z", "is_superuser": true, "username": "admin", "first_name": "", "last_name": "", "email": "", "is_staff": true, "is_active": true, "date_joined": "2021-05-24T00:49:35Z", "nickname": "\ub3c8\uc774 \ub2e4 \ub5a8\uc5b4\uc9c4 \uc544\uc774\uc5b8\ub9e8", "user_img": "http://127.0.0.1:8000/static/ironman.jpg", "series": 1, "groups": [], "user_permissions": []}}, {"model": "accounts.user", "pk": 2, "fields": {"password": "pbkdf2_sha256$260000$jmUMakpqsZkjy7bGe79RGS$ulSbRVxoC9ZF9xinE+W57sSZLULKi/hpq+q7YNV1jIw=", "last_login": "2021-05-24T04:07:02Z", "is_superuser": false, "username": "user1", "first_name": "", "last_name": "", "email": "", "is_staff": false, "is_active": true, "date_joined": "2021-05-24T04:07:02Z", "nickname": "\ud654\ub97c \uc798 \ucc38\ub294 \ud5d0\ud06c", "user_img": "http://127.0.0.1:8000/static/ironman.jpg", "series": 1, "groups": [], "user_permissions": []}}, {"model": "accounts.user", "pk": 3, "fields": {"password": "pbkdf2_sha256$260000$7Omf6uF0igAFeJ7OPP7jGa$toKo9eW76UOj3OeMjqDm93gYMgH0vB+L7iha3oJU4y4=", "last_login": "2021-05-24T05:10:26.531Z", "is_superuser": false, "username": "user2", "first_name": "", "last_name": "", "email": "", "is_staff": false, "is_active": true, "date_joined": "2021-05-24T05:10:26.252Z", "nickname": "", "user_img": "", "series": null, "groups": [], "user_permissions": []}}, {"model": "accounts.user", "pk": 4, "fields": {"password": "qwer1234!", "last_login": "2021-05-24T08:37:41Z", "is_superuser": false, "username": "qwer@qwer.com", "first_name": "", "last_name": "", "email": "", "is_staff": false, "is_active": true, "date_joined": "2021-05-24T08:40:24Z", "nickname": "\ubb34\uae30\ub4e0 \ubc30\ud2b8\ub9e8", "user_img": null, "series": 2, "groups": [], "user_permissions": []}}, {"model": "accounts.user", "pk": 5, "fields": {"password": "qwer1234!", "last_login": "2021-05-24T08:40:55Z", "is_superuser": false, "username": "zxcv@zxcv.com", "first_name": "", "last_name": "", "email": "", "is_staff": false, "is_active": true, "date_joined": "2021-05-24T08:40:44Z", "nickname": "\ucda4\uafbc \uc870\ucee4", "user_img": null, "series": 2, "groups": [], "user_permissions": []}}, {"model": "accounts.user", "pk": 6, "fields": {"password": "qwer1234!", "last_login": "2021-05-24T08:41:40Z", "is_superuser": false, "username": "sdfg@sdfg.com", "first_name": "", "last_name": "", "email": "", "is_staff": false, "is_active": true, "date_joined": "2021-05-24T08:41:31Z", "nickname": "\ub80c\uc988\ub080 \ud574\ub9ac", "user_img": null, "series": 3, "groups": [], "user_permissions": []}}, {"model": "accounts.user", "pk": 7, "fields": {"password": "qwer1234!", "last_login": "2021-05-24T08:42:18Z", "is_superuser": false, "username": "wert@wert.com", "first_name": "", "last_name": "", "email": "", "is_staff": false, "is_active": true, "date_joined": "2021-05-24T08:42:10Z", "nickname": "\ub2a6\uc7a0\uc794 \ud5e4\ub974\ubbf8\uc628\ub290", "user_img": null, "series": 3, "groups": [], "user_permissions": []}}, {"model": "accounts.user", "pk": 8, "fields": {"password": "qwer1234!", "last_login": "2021-05-24T08:42:49Z", "is_superuser": false, "username": "xcvb.xcvb.com", "first_name": "", "last_name": "", "email": "", "is_staff": false, "is_active": true, "date_joined": "2021-05-24T08:42:45Z", "nickname": "\uac00\uba74\ubc97\uc740 \ub2e4\uc2a4\ubca0\uc774\ub354", "user_img": null, "series": 4, "groups": [], "user_permissions": []}}, {"model": "accounts.user", "pk": 9, "fields": {"password": "qwer1234!", "last_login": "2021-05-24T08:43:42Z", "is_superuser": false, "username": "user3", "first_name": "", "last_name": "", "email": "", "is_staff": false, "is_active": true, "date_joined": "2021-05-24T08:43:32Z", "nickname": "\uc591\ud314 \uc788\ub294 \ub8e8\ud06c", "user_img": null, "series": 4, "groups": [], "user_permissions": []}}, {"model": "accounts.user", "pk": 10, "fields": {"password": "qwer1234!", "last_login": "2021-05-24T08:45:06Z", "is_superuser": false, "username": "user4", "first_name": "", "last_name": "", "email": "", "is_staff": false, "is_active": true, "date_joined": "2021-05-24T08:45:03Z", "nickname": "\ubb3c\uc695\uc5c6\ub294 \uace8\ub8f8", "user_img": null, "series": 5, "groups": [], "user_permissions": []}}, {"model": "accounts.user", "pk": 11, "fields": {"password": "qwer1234!", "last_login": "2021-05-24T08:45:45Z", "is_superuser": false, "username": "user5", "first_name": "", "last_name": "", "email": "", "is_staff": false, "is_active": true, "date_joined": "2021-05-24T08:45:41Z", "nickname": "\uce90\ub9ac\ud55c \uc0d8", "user_img": null, "series": 5, "groups": [], "user_permissions": []}}, {"model": "accounts.rate", "pk": 1, "fields": {"movie": 1, "user": 1, "series": 1, "rate": 5.0, "comment": ""}}, {"model": "accounts.rate", "pk": 2, "fields": {"movie": 3, "user": 1, "series": 1, "rate": 4.0, "comment": ""}}, {"model": "accounts.rate", "pk": 3, "fields": {"movie": 2, "user": 1, "series": 1, "rate": 3.0, "comment": "not good"}}, {"model": "accounts.rate", "pk": 4, "fields": {"movie": 1, "user": 2, "series": 1, "rate": 5.0, "comment": ""}}, {"model": "accounts.rate", "pk": 5, "fields": {"movie": 3, "user": 2, "series": 1, "rate": 4.0, "comment": ""}}, {"model": "accounts.rate", "pk": 6, "fields": {"movie": 2, "user": 2, "series": 1, "rate": 3.0, "comment": "not good"}}, {"model": "accounts.rate", "pk": 7, "fields": {"movie": 40, "user": 2, "series": 3, "rate": 5.0, "comment": ""}}, {"model": "accounts.rate", "pk": 8, "fields": {"movie": 41, "user": 2, "series": 3, "rate": 4.0, "comment": ""}}, {"model": "accounts.rate", "pk": 9, "fields": {"movie": 7, "user": 2, "series": 1, "rate": 3.0, "comment": "not good"}}, {"model": "accounts.rate", "pk": 10, "fields": {"movie": 4, "user": 4, "series": 1, "rate": 2.0, "comment": ""}}, {"model": "accounts.rate", "pk": 11, "fields": {"movie": 5, "user": 4, "series": 1, "rate": 3.0, "comment": ""}}, {"model": "accounts.rate", "pk": 12, "fields": {"movie": 6, "user": 4, "series": 1, "rate": 2.0, "comment": ""}}, {"model": "accounts.rate", "pk": 13, "fields": {"movie": 7, "user": 4, "series": 1, "rate": 2.0, "comment": ""}}, {"model": "accounts.rate", "pk": 14, "fields": {"movie": 8, "user": 4, "series": 1, "rate": 2.0, "comment": ""}}, {"model": "accounts.rate", "pk": 15, "fields": {"movie": 9, "user": 5, "series": 1, "rate": 4.0, "comment": ""}}, {"model": "accounts.rate", "pk": 16, "fields": {"movie": 10, "user": 5, "series": 1, "rate": 3.0, "comment": ""}}, {"model": "accounts.rate", "pk": 17, "fields": {"movie": 11, "user": 5, "series": 1, "rate": 0.0, "comment": ""}}, {"model": "accounts.rate", "pk": 18, "fields": {"movie": 12, "user": 5, "series": 1, "rate": 5.0, "comment": ""}}, {"model": "accounts.rate", "pk": 19, "fields": {"movie": 13, "user": 5, "series": 1, "rate": 2.0, "comment": ""}}, {"model": "accounts.rate", "pk": 20, "fields": {"movie": 14, "user": 5, "series": 1, "rate": 0.0, "comment": ""}}, {"model": "accounts.rate", "pk": 21, "fields": {"movie": 15, "user": 6, "series": 1, "rate": 3.0, "comment": ""}}, {"model": "accounts.rate", "pk": 22, "fields": {"movie": 16, "user": 6, "series": 1, "rate": 1.0, "comment": ""}}, {"model": "accounts.rate", "pk": 23, "fields": {"movie": 17, "user": 6, "series": 1, "rate": 3.0, "comment": ""}}, {"model": "accounts.rate", "pk": 24, "fields": {"movie": 18, "user": 6, "series": 1, "rate": 1.0, "comment": ""}}, {"model": "accounts.rate", "pk": 25, "fields": {"movie": 19, "user": 6, "series": 1, "rate": 2.0, "comment": ""}}, {"model": "accounts.rate", "pk": 26, "fields": {"movie": 20, "user": 6, "series": 1, "rate": 2.0, "comment": ""}}, {"model": "accounts.rate", "pk": 27, "fields": {"movie": 21, "user": 7, "series": 1, "rate": 1.0, "comment": ""}}, {"model": "accounts.rate", "pk": 28, "fields": {"movie": 22, "user": 7, "series": 1, "rate": 3.0, "comment": ""}}, {"model": "accounts.rate", "pk": 29, "fields": {"movie": 23, "user": 7, "series": 1, "rate": 0.0, "comment": ""}}, {"model": "accounts.rate", "pk": 30, "fields": {"movie": 24, "user": 7, "series": 2, "rate": 4.0, "comment": ""}}, {"model": "accounts.rate", "pk": 31, "fields": {"movie": 25, "user": 7, "series": 2, "rate": 2.0, "comment": ""}}, {"model": "accounts.rate", "pk": 32, "fields": {"movie": 26, "user": 7, "series": 2, "rate": 5.0, "comment": ""}}, {"model": "accounts.rate", "pk": 33, "fields": {"movie": 27, "user": 7, "series": 2, "rate": 0.0, "comment": ""}}, {"model": "accounts.rate", "pk": 34, "fields": {"movie": 28, "user": 7, "series": 2, "rate": 2.0, "comment": ""}}, {"model": "accounts.rate", "pk": 35, "fields": {"movie": 29, "user": 8, "series": 2, "rate": 5.0, "comment": ""}}, {"model": "accounts.rate", "pk": 36, "fields": {"movie": 30, "user": 8, "series": 2, "rate": 3.0, "comment": ""}}, {"model": "accounts.rate", "pk": 37, "fields": {"movie": 31, "user": 8, "series": 2, "rate": 0.0, "comment": ""}}, {"model": "accounts.rate", "pk": 38, "fields": {"movie": 32, "user": 8, "series": 2, "rate": 5.0, "comment": ""}}, {"model": "accounts.rate", "pk": 39, "fields": {"movie": 33, "user": 8, "series": 2, "rate": 3.0, "comment": ""}}, {"model": "accounts.rate", "pk": 40, "fields": {"movie": 34, "user": 8, "series": 2, "rate": 1.0, "comment": ""}}, {"model": "accounts.rate", "pk": 41, "fields": {"movie": 35, "user": 8, "series": 2, "rate": 3.0, "comment": ""}}, {"model": "accounts.rate", "pk": 42, "fields": {"movie": 36, "user": 8, "series": 2, "rate": 2.0, "comment": ""}}, {"model": "accounts.rate", "pk": 43, "fields": {"movie": 37, "user": 9, "series": 3, "rate": 0.0, "comment": ""}}, {"model": "accounts.rate", "pk": 44, "fields": {"movie": 38, "user": 9, "series": 3, "rate": 5.0, "comment": ""}}, {"model": "accounts.rate", "pk": 45, "fields": {"movie": 39, "user": 9, "series": 3, "rate": 2.0, "comment": ""}}, {"model": "accounts.rate", "pk": 46, "fields": {"movie": 40, "user": 10, "series": 3, "rate": 4.0, "comment": ""}}, {"model": "accounts.rate", "pk": 47, "fields": {"movie": 41, "user": 10, "series": 3, "rate": 3.0, "comment": ""}}, {"model": "accounts.rate", "pk": 48, "fields": {"movie": 42, "user": 10, "series": 3, "rate": 3.0, "comment": ""}}, {"model": "accounts.rate", "pk": 49, "fields": {"movie": 43, "user": 11, "series": 3, "rate": 5.0, "comment": ""}}, {"model": "accounts.rate", "pk": 50, "fields": {"movie": 44, "user": 11, "series": 3, "rate": 3.0, "comment": ""}}, {"model": "accounts.rate", "pk": 51, "fields": {"movie": 45, "user": 11, "series": 3, "rate": 4.0, "comment": ""}}, {"model": "accounts.rate", "pk": 52, "fields": {"movie": 46, "user": 11, "series": 3, "rate": 4.0, "comment": ""}}, {"model": "accounts.rate", "pk": 53, "fields": {"movie": 47, "user": 11, "series": 4, "rate": 1.0, "comment": ""}}, {"model": "accounts.rate", "pk": 54, "fields": {"movie": 48, "user": 11, "series": 4, "rate": 5.0, "comment": ""}}, {"model": "accounts.rate", "pk": 55, "fields": {"movie": 49, "user": 11, "series": 4, "rate": 4.0, "comment": ""}}, {"model": "accounts.rate", "pk": 56, "fields": {"movie": 50, "user": 11, "series": 4, "rate": 0.0, "comment": ""}}, {"model": "accounts.rate", "pk": 57, "fields": {"movie": 51, "user": 11, "series": 4, "rate": 3.0, "comment": ""}}, {"model": "accounts.rate", "pk": 58, "fields": {"movie": 52, "user": 10, "series": 4, "rate": 3.0, "comment": ""}}, {"model": "accounts.rate", "pk": 59, "fields": {"movie": 53, "user": 10, "series": 4, "rate": 3.0, "comment": ""}}, {"model": "accounts.rate", "pk": 60, "fields": {"movie": 54, "user": 10, "series": 4, "rate": 1.0, "comment": ""}}, {"model": "accounts.rate", "pk": 61, "fields": {"movie": 55, "user": 10, "series": 4, "rate": 1.0, "comment": ""}}, {"model": "accounts.rate", "pk": 62, "fields": {"movie": 56, "user": 10, "series": 5, "rate": 3.0, "comment": ""}}, {"model": "accounts.rate", "pk": 63, "fields": {"movie": 57, "user": 10, "series": 5, "rate": 5.0, "comment": ""}}, {"model": "accounts.rate", "pk": 64, "fields": {"movie": 58, "user": 10, "series": 5, "rate": 4.0, "comment": ""}}, {"model": "accounts.rate", "pk": 65, "fields": {"movie": 59, "user": 4, "series": 5, "rate": 4.0, "comment": ""}}, {"model": "accounts.rate", "pk": 66, "fields": {"movie": 60, "user": 4, "series": 5, "rate": 0.0, "comment": ""}}, {"model": "accounts.rate", "pk": 67, "fields": {"movie": 61, "user": 4, "series": 5, "rate": 0.0, "comment": ""}}, {"model": "accounts.see", "pk": 1, "fields": {"movie": 1, "user": 1, "series": 1}}, {"model": "accounts.see", "pk": 2, "fields": {"movie": 2, "user": 1, "series": 1}}, {"model": "accounts.see", "pk": 3, "fields": {"movie": 3, "user": 1, "series": 1}}, {"model": "accounts.see", "pk": 4, "fields": {"movie": 4, "user": 1, "series": 1}}, {"model": "accounts.see", "pk": 5, "fields": {"movie": 5, "user": 1, "series": 1}}, {"model": "accounts.see", "pk": 6, "fields": {"movie": 30, "user": 1, "series": 2}}, {"model": "accounts.see", "pk": 7, "fields": {"movie": 52, "user": 1, "series": 4}}, {"model": "accounts.see", "pk": 8, "fields": {"movie": 47, "user": 1, "series": 4}}, {"model": "accounts.see", "pk": 9, "fields": {"movie": 47, "user": 2, "series": 4}}, {"model": "accounts.see", "pk": 10, "fields": {"movie": 48, "user": 2, "series": 4}}, {"model": "community.review", "pk": 6, "fields": {"title": "\uc544 \uc9c4\uc9dc \uc774\uac8c \ubb50\ub0d0", "content": "\uc544\uc774\uc5b8\ub9e8 \uc7a5\ub82c\ud558\uac8c \uc8fd\ub294 \uac83\ub3c4 \uad1c\ucc2e\uae34 \ud55c\ub370, \uc778\uac04\uc801\uc73c\ub85c \uc81c\uc77c \ud5cc\uc2e0\ud55c \uc0ac\ub78c\uc778\ub370 \ud574\ud53c\uc5d4\ub529\uc73c\ub85c \ub9cc\ub4e4\uc5b4\uc8fc\uba74 \ub367\ub098\ub0d0", "user": 1, "movie": 22, "created_at": "2021-05-24T08:49:02.703Z", "updated_at": "2021-05-24T08:49:02.703Z", "user_like": [1, 2]}}, {"model": "community.review", "pk": 7, "fields": {"title": "\ud734 \ub2e4\ud589\uc774\ub2e4.", "content": "\ud55c\ubc88\ub9cc \ud295\uaca8\uc11c \ub2e4\ud589\uc774\uc57c. \ub450 \ubc88 \ud295\uacbc\uc73c\uba74 \uadf8\ub300\ub85c \uc8fd\uc744 \ubed4\ud588\ub124\r\n\ud0c0\ub178\uc2a4\ub294 \ub300\uccb4 \ubb50\ud558\ub294 \ub188\uc778\ub370 \uc774\ub7f0\uac78 \ub450 \ubc88 \ud295\uae30\uace0\ub3c4 \uc0b4\uc558\ub0d0", "user": 2, "movie": null, "created_at": "2021-05-24T08:50:09.856Z", "updated_at": "2021-05-25T00:39:08.623Z", "user_like": [1, 2, 8]}}, {"model": "community.review", "pk": 8, "fields": {"title": "\uc870\ucee4\uc758 \uc870\ucee4\uac00 \ucd5c\uace0\uc758 \uc870\ucee4\ub2e4.", "content": "\uac1c\uc778\uc801\uc778 \uac10\uc0c1\uc774\uae34 \ud558\uc9c0\ub9cc, \uc870\ucee4\uc758 \uc870\ucee4\ub294 \uc815\ub9d0 \uba4b\uc9c4 \uce90\ub9ad\ud130\uc600\ub2e4.\r\n\uc774 \uce90\ub9ad\ud130\uac00 \uac00\uc9c4 \ubcf8\uc131\uc774\ub098 \uc0b6\uc774 \uba4b\uc9c0\ub2e4\uae30 \ubcf4\ub2e4\ub294 \uc774\ub97c \uadf8\ub824\ub0b8 \ubc29\uc2dd\uc774 \ud6cc\ub96d\ud588\ub2e4.\r\n\ub2e4\ub978 \uc601\ud654\uc758 \uc870\ucee4\ub4e4\uc740 \uae30\ubcf8\uc801\uc73c\ub85c \uc138\uc0c1\uc5d0 \uc18d\ud574\uc788\ub2e4\ub294 \ub290\ub08c\uc774 \uc798 \ub4e4\uc9c0 \uc54a\ub294\ub2e4.\r\n\ub300\ubd80\ubd84 \uad11\uc778\uc774\uac70\ub098 \ucd08\uc778\uc774\uae30 \ub54c\ubb38\uc774\ub2e4.\r\n\ud558\uc9c0\ub9cc \uc774 \uc601\ud654\uc758 \uc870\ucee4\ub294 \ud604\uc2e4 \uc5b4\ub518\uac00\uc5d0\ub294 \uc874\uc7ac\ud560 \uac83\ub9cc \uac19\uc740 \ub290\ub08c\uc744 \uc904 \uc815\ub3c4\ub85c \uc790\uc138\ud558\uac8c \ubb18\uc0ac\ub418\uc5b4 \uc788\ub2e4.\r\n\uac8c\ub2e4\uac00 \uac10\ub3c5\uc774 \ubcf4\uc5ec\uc8fc\ub824\ub294 \uac83 \ub610\ud55c \ub0b4\uac8c\ub294 \uc640\ub2ff\uc558\ub2e4.\r\n\uc870\ucee4\uac00 \uc77c \ud3c9\uc0dd \uac08\uad6c\ud558\ub358 \uad00\uc2ec\uacfc \ub300\uc911\uc758 \uc778\uae30\ub97c \uc544\uc11c \ud50c\ub809\uc73c\ub85c\uc11c\ub294 \uacb0\ucf54 \uc5bb\uc9c0 \ubabb\ud588\uc9c0\ub9cc, \uadf8 \uc774\ub984\uc740 \uc78a\ud600\uc9c0\uace0 \uc870\ucee4\ub77c\ub294 \ud558\ub098\uc758 \uc0ac\uc0c1\ub9cc\uc774 \ub0a8\uc558\uc744 \ub54c, \uadf8\ub294 \uadf8\uac00 \uc6d0\ud558\ub358 \ubaa8\ub4e0 \uac83\uc744 \uc5bb\uc744 \uc218 \uc788\uc5c8\ub2e4.\r\n\ucc38 \uc2ac\ud508 \uc601\ud654\uc9c0\ub9cc, \uc798 \ub9cc\ub4e4\uc5c8\ub2e4\ub294 \uc810\uc740 \ubd80\uc815\ud560 \uc218 \uc5c6\ub2e4.", "user": 5, "movie": 36, "created_at": "2021-05-24T08:51:39.269Z", "updated_at": "2021-05-25T00:43:16.648Z", "user_like": [5, 8, 10]}}, {"model": "community.review", "pk": 9, "fields": {"title": "\uc194\uc9c1\ud788 \uc9c0\uce5c\ub2e4.", "content": "\uc2ac\uc2ac \uc774 \uc2dc\uc810\uc744 \ub9c8\uc9c0\ub9c9\uc73c\ub85c \uc740\ud1f4\ud558\uace0 \uc2f6\uc740\ub370, \ubb54\uac00 \uba4b\uc9c0\uac8c \uc740\ud1f4\ud560 \uac74\uc218\uac00 \uc5c6\uc744\uae4c?\r\n\uc694\uc998 \uacbd\ucc30\ub4e4\ub3c4 \uaf64 \uc77c\ud558\uace0 \ub354 \uc774\uc0c1 \uad73\uc774 \ud560 \ud544\uc694 \uc5c6\uc744 \uac83 \uac19\uc740\ub370.\r\n\uadf8\ub9ac\uace0 \ucca8\ub2e8 \ubb34\uae30 \uc4f0\uba74 \uc4f8\uc218\ub85d \ud3b8\ub9ac\ud558\ub124", "user": 4, "movie": null, "created_at": "2021-05-24T08:53:30.641Z", "updated_at": "2021-05-25T00:39:22.854Z", "user_like": [4]}}, {"model": "community.review", "pk": 10, "fields": {"title": "\uc774\uc57c \uc774\uac70 \uc2e0\uc138\uacc4\ub2e4", "content": "\ub9e8\ub0a0 \uc548\uacbd\ub9cc \uc4f0\ub2e4\uac00 \uc774\ubc88\uc5d0 \ub80c\uc988\ub85c \ubc14\uafd4\ubd24\ub294\ub370, \ucd08\ubc18\uc5d0 \uc880 \ud798\ub4e0 \uac70 \ube7c\uace0\ub294 \uad1c\ucc2e\uc740\ub370?\r\n\uc548\uacbd \uac00\uc9c0\uace0 \ub2e4\ub2d0 \ud544\uc694\ub3c4 \uc5c6\uace0 \ub9d0\uc774\uc57c. \uc548\uacbd \uc4f0\ub294 \uc0ac\ub78c\ub4e4 \ud55c\ubc88\uc529 \ub80c\uc988 \uc0dd\uac01\ud574\ubcfc\ub9cc \ud558\ub2e4.", "user": 6, "movie": null, "created_at": "2021-05-24T08:55:41.878Z", "updated_at": "2021-05-24T08:55:41.878Z", "user_like": [1, 2, 8]}}, {"model": "community.review", "pk": 11, "fields": {"title": "\uc9c4\uc9dc \uc2dc\uac04 \ube60\ub974\ub2e4", "content": "\ud55c 2\ud3b8 \uc804\uae4c\uc9c0\ub9cc \ud574\ub3c4 \uc8fc\uc778\uacf5 \uc77c\ud589\ub4e4 \ub2e4 \uc598\uae30\ub4e4\uc774\uc600\ub294\ub370, \ubc8c\uc368 \uccad\ub144\ud2f0\uac00 \uc2ac\uc2ac \ub098\uae30 \uc2dc\uc791\ud55c\ub2e4.\r\n\uc774 \ud504\ub80c\ucc28\uc774\uc988\ub3c4 \ub098\ub984 \uc624\ub798 \ub410\uc73c\ub2c8 \uadf8\ub7f4\ub9cc\ud558\ub2e4\uace0\ub294 \uc0dd\uac01\ud558\ub294\ub370, \uc774\ub7f0\ub370\uc11c \uc2dc\uac04\uc774 \uac04 \uac78 \ub290\ub07c\uac8c \ub418\ub124.\r\n\uadf8\ub798\ub3c4 \uc774 \uc601\ud654 \uc8fc\uc778\uacf5\ub4e4\uc740 \uc5ed\ubcc0 \uc548 \ud558\uace0 \uc798 \uc790\ub780 \uac83 \uac19\uc544\uc11c \ubcf4\uae30 \uc88b\ub2e4.", "user": 7, "movie": 40, "created_at": "2021-05-24T08:58:50.149Z", "updated_at": "2021-05-25T00:45:25.835Z", "user_like": [7]}}, {"model": "community.review", "pk": 12, "fields": {"title": "\uc774\uac8c \ubbf8\ub798\ub2e4", "content": "\ub2e4\ub4e4 \ub0b4\uac00 \uac00\uba74 \uc4f0\uace0 \ub2e4\ub2c8\ub294\uac8c \ubd80\uc0c1\ub54c\ubb38\uc778 \uc904 \uc544\ub294\ub370, \ubbf8\ub798\ub294 \ud658\uacbd\uc624\uc5fc\uc774 \ub354 \ub418\uc11c \uc9c0\uc131\uc778\ub4e4\uc740 \ubaa8\ub450 \uc774\ub7ec\uace0 \ub2e4\ub2cc\ub2e4.\r\n\uc81c\ub2e4\uc774\ub188\ub4e4\uc740 \uac74\uac15 \uc2e0\uacbd\uc744 \uc548 \uc4f0\ub294 \uac74\uac00?", "user": 8, "movie": null, "created_at": "2021-05-25T00:22:23.402Z", "updated_at": "2021-05-25T00:38:23.239Z", "user_like": [1, 5, 8]}}, {"model": "community.review", "pk": 13, "fields": {"title": "\uc2a4\ud0c0\uc6cc\uc988 \uc2dc\ub9ac\uc988\uc758 \uc644\uacb0\uc744 \uae30\ub9ac\uba70", "content": "\uc0ac\uc2e4 \ub098\uc628 \uc21c\uc11c\ub300\ub85c\ub77c\uba74 \uc81c\ub2e4\uc774\uc758 \uadc0\ud658\uc774 \uc544\ub2cc \uc2dc\uc2a4\uc758 \ubcf5\uc218\uac00 \ub418\uc57c\uaca0\uc9c0\ub9cc, \uc5b4\ucc0c\ub410\uac74 \uc2dc\ub9ac\uc988\uac00 \uc644\uacb0\ub410\uc73c\ub2c8\uae4c \ud3c9\uc744 \uc368\ubcf4\uae30\ub85c \ud55c\ub2e4.\r\n\uc0ac\uc2e4\uc0c1 \uc774 \uc601\ud654\uc758 \uc8fc\uc778\uacf5\uc740 \ub8e8\ud06c\uac00 \uc544\ub2c8\ub2e4. \uc544\ub098\ud0a8 \uc2a4\uce74\uc774\uc6cc\ucee4 \uc989 \ub2e4\uc2a4\ubca0\uc774\ub354\uc758 \uc5f0\ub300\uae30\uc5d0 \uac00\uae5d\ub2e4.\r\n\ube44\uc6b4\uc758 \uc8fc\uc778\uacf5\uc774\uace0 \ub4dc\ub77c\ub9c8\ud2f1\ud558\uac8c \ubcc0\ud558\uac8c \ub418\uc9c0\ub9cc \uadf8\uac8c \uadf8\uc758 \ub9e4\ub825\uc774 \uc544\ub2c8\uc600\ub098 \uc2f6\ub2e4.", "user": 9, "movie": 49, "created_at": "2021-05-25T00:32:31.578Z", "updated_at": "2021-05-25T00:32:31.578Z", "user_like": [1, 8, 9]}}, {"model": "community.review", "pk": 14, "fields": {"title": "\ubc18\uc9c0\uc758 \uc81c\uc655 \uc644\uacb0\uc744 \uae30\ub9ac\uba70", "content": "\ub098\ub294 \uc774 \uc601\ud654\ub97c \ubcf4\uba74\uc11c \uc5ec\ub7ec \uc778\ubb3c\ub4e4\uc5d0\uac8c \ub9e4\ub825\uc744 \ub290\uaf08\uc5c8\uc9c0\ub9cc, \uadf8 \uc911\uc5d0 \uac00\uc7a5 \ub9e4\ub825\uc801\uc778 \uac83\uc740 \uace8\ub8f8\uc774 \uc544\ub2d0\uae4c \uc2f6\ub2e4.\r\n\uc774 \uce5c\uad6c\ub294 \ud0d0\uc695\uc5d0 \uc758\ud574\uc11c \ubaa8\ub4e0 \uac83\uc744 \uc783\uc740 \uce90\ub9ad\ud130\uc778\ub370\ub3c4 \ubd88\uad6c\ud558\uace0, \uc544\uc9c1\ub3c4 \ub0b4\uc801\uc73c\ub85c \uac08\ub4f1\ud558\uace0 \uc788\ub2e4.\r\n\ubb18\uc0ac\ub97c \ubcf4\uba74 \uc801\uc5b4\ub3c4 \uadf8 \uaf34\uc774 \ub41c\uc9c0 \uc218\uc2ed\ub144\uc740 \ub41c \uac83 \uac19\uc740\ub370\ub3c4 \ub9d0\uc774\ub2e4.\r\n\ube4c\ubcf4\uac00 \uc80a\uc5c8\uc744 \ub54c\ub3c4 \uace8\ub8f8\uc740 \uadf8 \uaf34\uc774\uc600\ub2e4. \r\n\uc5b4\ucc0c\ub410\uac74 \uc774 \uce90\ub9ad\ud130\uac00 \ub9e4\ub825\uc740 \ud504\ub85c\ub3c4\uc77c\ud589\uc5d0\uac8c \uc704\uae30\uac00 \ub2e5\ucce4\uc744 \ub54c\ub9c8\ub2e4 \uace8\ub8f8\uc774 \uc5b4\ub290\uc131\ud5a5\uc73c\ub85c \uae30\uc6b8\uc9c0\uc5d0 \ub530\ub77c\uc11c \uc5b4\ub5bb\uac8c \uc0ac\uac74\uc774 \uc804\uac1c\ub420 \uc9c0\ub97c \uc950\uace0 \uc788\ub2e4\ub294 \uc810\uc774\ub2e4.\r\n\uc774\ub85c \uc778\ud574\uc11c \ub2e8\uc21c\ud55c \uc704\uae30\ub3c4 \uace8\ub8f8\uc5d0 \uc758\ud574\uc11c \ub354 \ud070 \uc704\uae30\uac00 \ub418\uae30\ub3c4 \ud558\uace0, \uac00\ub054\uc740 \uace8\ub8f8\uc774 \uc704\uae30\ub97c \ud53c\ud574\uac00\uac8c \ub3c4\uc640\uc8fc\uae30\ub3c4 \ud55c\ub2e4.\r\n\uac8c\ub2e4\uac00 \ub9c8\uc9c0\ub9c9\uc758 \ubaa8\uc2b5\uc744 \ubcf4\uba74 \uc601\ud654 \ub0b4\ub0b4 \ub0b4\uc801\uc73c\ub85c \ubd84\ud22c\ud574\uc654\ub358 \uace8\ub8f8\uc774 \uacb0\uad6d \ubc18\uc9c0\uc5d0 \ub208\uc774 \ub3cc\uc544\uac00\ub294 \ubaa8\uc2b5\uc744 \ubcf4\uc5ec\uc8fc\ub294\ub370, \uc774 \ub610\ud55c \ub2e4\ub978 \uc601\uc6c5\ub4e4\uc774 \ud3c9\uba74\uc801\uc778 \uce90\ub9ad\ud130\uc778 \uac83\uc5d0 \ube44\ud574\uc11c \uc785\uccb4\uc801\uc778 \uba74\uc744 \ubcf4\uc5ec\uc900\ub2e4\uace0 \uc0dd\uac01\ud55c\ub2e4.\r\n\uacb0\uacfc\uc801\uc73c\ub85c \ud0c0\ub77d\ud588\uc9c0\ub9cc, \ub098\ub984 \ub9e4\ub825\uc774 \uc788\ub294 \uce90\ub9ad\ud130\uc600\ub2e4.", "user": 10, "movie": 58, "created_at": "2021-05-25T00:38:08.134Z", "updated_at": "2021-05-25T00:38:08.134Z", "user_like": [5, 8, 10]}}, {"model": "community.review", "pk": 15, "fields": {"title": "\uc194\uc9c1\ud788 \uc0d8 \uce6d\ucc2c\ud574\uc918\uc57c\ud55c\ub2e4.", "content": "\uc544\ubb34\ub9ac \ubd10\ub3c4 \uc601\ud654 \uc2dc\ub9ac\uc988 \ub0b4\ub0b4 \ud55c\ubc88\ub3c4 \uc548 \ubcc0\ud558\uace0 \uacc4\uc18d \ub204\uad70\uac00\ub97c \ub3c4\uc640\uc900 \uce90\ub9ad\ud130\ub294 \uc0d8\ubc16\uc5d0 \uc5c6\ub294\ub370, \uc0d8 \ucde8\uae09\uc774 \uc880 \uadf8\ub807\ub354\ub77c.\r\n\ub9c8\uc9c0\ub9c9\uc5d0\uc57c \ud6c8\ud6c8\ud558\uac8c \ub05d\ub098\ub2c8\uae4c \uadf8\ub807\ub2e4\uace0 \uce58\ub354\ub77c\ub3c4 \ud504\ub85c\ub3c4\ub3c4 \uac00\ub294 \ub3c4\uc911\uc5d0\ub294 \ucc21\uc5bc\uac70\ub9ac\uae30\ub9cc \ud558\uace0, \ub9c8\uc9c0\ub9c9 \ubd80\ubd84\uc5d0\uc11c \uc0d8\uc744 \uce6d\ucc2c\ud558\ub294 \uc7a5\uba74\uc815\ub3c4\ub294 \ub123\uc5b4\uc918\uc57c\ub41c\ub2e4\uace0 \uc0dd\uac01\ud558\ub294\ub370, \uadf8\ub7f0 \uc7a5\uba74\ub3c4 \uc5c6\uace0.\r\n\ub2e4\ub978 \ud638\ube57\ub4e4\ub3c4 \uacf5\uc744 \ub9ce\uc774 \uc138\uc6b0\uae34 \ud588\ub294\ub370 \uc194\uc9c1\ud788 \uc0d8\ub9cc\ud07c\uc740 \uc544\ub2c8\uc9c0 \uc54a\ub098?\r\n\ud504\ub85c\ub3c4\ub294 \uc81c\uc678\ud560 \uc218\ubc16\uc5d0 \uc5c6\uae30\uc57c \ud558\uaca0\uc9c0\ub9cc.", "user": 11, "movie": 58, "created_at": "2021-05-25T00:48:42.419Z", "updated_at": "2021-05-25T00:48:42.419Z", "user_like": []}}, {"model": "community.review", "pk": 16, "fields": {"title": "\uc694\uc998 \uc601\ud654 \uc7ac\ubc0c\ub294 \uac70 \ubb50 \uc5c6\ub098", "content": "\ucd94\ucc9c\ud574\uc900 \uc2dc\ub9ac\uc988\ubb3c \uc804\ubd80 \ub2e4 \ubd24\ub294\ub370 \ub2e4\uc2dc\ubcf4\uae30\ub098 \ucd94\ucc9c\ud558\uace0 \uc788\ub124 \uc774 \uc0ac\uc774\ud2b8", "user": 5, "movie": null, "created_at": "2021-05-25T01:03:26.223Z", "updated_at": "2021-05-25T01:03:26.223Z", "user_like": [1, 5, 7, 8]}}, {"model": "community.comment", "pk": 3, "fields": {"content": "\u314b\u314b\u314b\u314b \uadf8\ub7ec\uac8c \uc194\uc120\uc218\ubc94\ud574\uc11c \uba3c\uc800 \ub531 \ud55c\ubc88\ud558\uba74 \uadf8\ub7f4 \uc77c \uc5c6\uc796\uc5b4", "review": 6, "user": 2, "created_at": "2021-05-25T00:50:49.921Z", "updated_at": "2021-05-25T00:50:49.921Z"}}, {"model": "community.comment", "pk": 4, "fields": {"content": "\ub2e4\ud06c\ub098\uc774\ud2b8\uc758 \uc870\ucee4\uc758 \uc5f0\uae30\ub97c \ubcf4\uace0\ub3c4 \uc774\ub7f0 \ud3c9\uc744 \ud560 \uc218 \uc788\ub2e8 \ub9d0\uc774\uc57c? \ub2e4\uc2dc \uac00\uc11c \ub2e4\ud06c\ub098\uc774\ud2b8 \ubcf4\uace0 \uc640\ub77c", "review": 8, "user": 4, "created_at": "2021-05-25T00:51:42.969Z", "updated_at": "2021-05-25T00:51:42.969Z"}}, {"model": "community.comment", "pk": 5, "fields": {"content": "\uc870\ucee4\uac00 \ub354 \ud604\uc2e4\uc801\uc774\ub77c\ub294 \uc0dd\uac01\uc774 \ub4e4\uae34 \ud574", "review": 8, "user": 10, "created_at": "2021-05-25T00:54:15.461Z", "updated_at": "2021-05-25T00:54:15.461Z"}}, {"model": "community.comment", "pk": 6, "fields": {"content": "\uc544 \uac00\uba74\uc774\ub791 \uc77c\uccb4\ud615\ub9cc \uc544\ub2c8\uba74 \ub098\ub3c4 \uc880 \ubc14\uafb8\uace0 \uc2f6\uc740\ub370 \uc544\uc27d\ub124", "review": 10, "user": 8, "created_at": "2021-05-25T00:55:01.577Z", "updated_at": "2021-05-25T00:55:01.577Z"}}, {"model": "community.comment", "pk": 7, "fields": {"content": "\uadf8\ub7ec\uac8c \ub098\ub3c4 \ud55c \uc2ed\ub144 \uc804\ucbe4\uc5d0\ub294 \uc2dc\ub300\ub97c \ud48d\ubbf8\ud588\ub294\ub370", "review": 11, "user": 8, "created_at": "2021-05-25T00:58:43.999Z", "updated_at": "2021-05-25T00:58:43.999Z"}}, {"model": "community.comment", "pk": 8, "fields": {"content": "\uadf8\ub798\ub3c4 \ub098\ub984 \uae30\uc2b9\uc804\uacb0 \ub69c\ub837\ud55c \uc601\ud654\uc600\ub2e4. \uadf8 \uc790\uc790\ube59\ud06c\uc2a4\ub098\uc624\ub294 \uc601\ud654 \ud55c \ud3b8\ub9cc \ube7c\uba74 \ub354 \uc644\ubcbd\ud588\uc744\ud150\ub370", "review": 13, "user": 9, "created_at": "2021-05-25T00:59:29.149Z", "updated_at": "2021-05-25T00:59:29.149Z"}}, {"model": "community.comment", "pk": 9, "fields": {"content": "\uc6d0\ub798 \uc870\uc5f0\ub4e4 \ub05d\uc774 \ub2e4 \uadf8\ub7f0\uac70\uc9c0 \ud5d0\ud06c \ubd10\ub77c \ub9dd\ud55c \uc778\ud06c\ub808\ub354\ube14 \ud5d0\ud06c\ub9d0\uace0\ub294 \uc790\uae30 \uc774\ub984 \ub2ec\uace0 \ub098\uc628 \uc601\ud654\uac00 \uc5c6\uc5b4. \ub05d\ub098\uace0 \ub098\uc11c\ub3c4 \uadf8\ub0e5 \ubc18\ubc18\ucd08\ub85d\ub41c \ub2e4\uc74c\uc5d0 \uc190\ud295\uae30\ub294 \uac70 \ub9d0\uace0 \ud65c\uc57d\uc5c6\uc774 \uc740\ud1f4\ud588\uc796\uc5b4", "review": 15, "user": 2, "created_at": "2021-05-25T01:00:45.280Z", "updated_at": "2021-05-25T01:00:45.280Z"}}, {"model": "community.comment", "pk": 10, "fields": {"content": "\ud655\uc2e4\ud788 \uadf8 \ub54c \uadf8 \uc2dc\ub300\ub97c \uc0dd\uac01\ud574\ubcf4\uba74, \ub300\ub2e8\ud55c \uc2a4\ucf00\uc77c\uc758 \uc601\ud654\uae34 \ud588\ub2e4.\r\n\uac1c\uc778\uc801\uc73c\ub85c\ub294 \ub7ec\ub2dd\ud0c0\uc784\uc774 \ub108\ubb34 \uae38\uc5b4\uc11c \uc880 \uc878\ub9ac\uae34 \ud588\ub294\ub370, \uc0ac\ub78c\ub9c8\ub2e4 \uac10\uc0c1\uc740 \uc880 \ub2e4\ub978\ub4ef.", "review": 14, "user": 1, "created_at": "2021-05-25T01:01:47.866Z", "updated_at": "2021-05-25T01:01:47.866Z"}}, {"model": "community.comment", "pk": 11, "fields": {"content": "\uadf8\ub7ec\uac8c \ub9d0\uc774\ub2e4. \uc694\uc998 \ucf54\ub85c\ub098 \ub54c\ubb38\uc778\uc9c0 \uc601\ud654 \uc81c\ub300\ub85c \ub41c \uac70 \uc798 \ub098\uc624\uc9c0\ub3c4 \uc54a\uace0, \uadf8\ub098\ub9c8 \ub098\uc624\ub294 \uac74 \ub137\ud50c\ub9ad\uc2a4 \uc624\ub9ac\uc9c0\ub110 \uc774\ub7f0\uac83\ub4e4 \ubfd0\uc774\ub124", "review": 16, "user": 10, "created_at": "2021-05-25T01:04:33.983Z", "updated_at": "2021-05-25T01:04:33.983Z"}}, {"model": "community.comment", "pk": 12, "fields": {"content": "\uc774\ub7f4 \ub54c\uc77c \uc218\ub85d \ud074\ub798\uc2dd\ud55c \uc601\ud654\ub4e4 \ucc3e\uc544\ubcf4\ub294 \uac83\ub3c4 \ub098\uc058\uc9c0 \uc54a\uc74c.", "review": 16, "user": 8, "created_at": "2021-05-25T01:05:08.264Z", "updated_at": "2021-05-25T01:05:08.264Z"}}]